{
  "a_name": "C11_M1u_full",
  "b_name": "cMPb_MemP_full",
  "mean_a": 0.9204156862745098,
  "mean_b": 0.9161960784313725,
  "per_task": {
    "AdvancedExampleCasedContactThermoElasticWellbore": {
      "a": 0.8068666666666667,
      "b": 0.8150333333333333,
      "delta": 0.008166666666666544
    },
    "AdvancedExampleDeviatedElasticWellbore": {
      "a": 0.9035333333333333,
      "b": 0.9057333333333334,
      "delta": 0.0022000000000000908
    },
    "AdvancedExampleDruckerPrager": {
      "a": 0.9902333333333333,
      "b": 0.9983,
      "delta": 0.008066666666666666
    },
    "AdvancedExampleExtendedDruckerPrager": {
      "a": 0.9584,
      "b": 0.9864666666666667,
      "delta": 0.028066666666666684
    },
    "AdvancedExampleModifiedCamClay": {
      "a": 0.9643333333333334,
      "b": 1.0,
      "delta": 0.035666666666666624
    },
    "AdvancedExampleViscoDruckerPrager": {
      "a": 0.9789333333333333,
      "b": 0.9913666666666666,
      "delta": 0.012433333333333296
    },
    "ExampleDPWellbore": {
      "a": 0.9943,
      "b": 0.9908,
      "delta": -0.0034999999999999476
    },
    "ExampleEDPWellbore": {
      "a": 0.9830333333333333,
      "b": 0.9891333333333333,
      "delta": 0.006099999999999994
    },
    "ExampleIsothermalLeakyWell": {
      "a": 0.8861333333333333,
      "b": 0.8046666666666666,
      "delta": -0.08146666666666669
    },
    "ExampleMandel": {
      "a": 0.9510000000000001,
      "b": 0.9435666666666667,
      "delta": -0.007433333333333403
    },
    "ExampleThermalLeakyWell": {
      "a": 0.8660666666666667,
      "b": 0.8570666666666666,
      "delta": -0.009000000000000008
    },
    "ExampleThermoporoelasticConsolidation": {
      "a": 0.8846,
      "b": 0.8217333333333333,
      "delta": -0.06286666666666674
    },
    "TutorialPoroelasticity": {
      "a": 0.8313333333333334,
      "b": 0.8197666666666666,
      "delta": -0.011566666666666725
    },
    "TutorialSneddon": {
      "a": 0.8377333333333333,
      "b": 0.8598333333333333,
      "delta": 0.02210000000000001
    },
    "buckleyLeverettProblem": {
      "a": 0.8991666666666667,
      "b": 0.8648,
      "delta": -0.034366666666666656
    },
    "kgdExperimentValidation": {
      "a": 0.9243333333333333,
      "b": 0.9392,
      "delta": 0.014866666666666695
    },
    "pknViscosityDominated": {
      "a": 0.9870666666666666,
      "b": 0.9878666666666667,
      "delta": 0.0008000000000000229
    }
  },
  "big_swing": [],
  "patterns": [
    "(no big-swing tasks)"
  ]
}