{
  "a_name": "C7_no_mem",
  "b_name": "cMPb_MemP_full",
  "mean_a": 0.9138509803921568,
  "mean_b": 0.9161960784313725,
  "per_task": {
    "AdvancedExampleCasedContactThermoElasticWellbore": {
      "a": 0.8083333333333333,
      "b": 0.8150333333333333,
      "delta": 0.006699999999999928
    },
    "AdvancedExampleDeviatedElasticWellbore": {
      "a": 0.9086333333333333,
      "b": 0.9057333333333334,
      "delta": -0.0028999999999999027
    },
    "AdvancedExampleDruckerPrager": {
      "a": 0.9859,
      "b": 0.9983,
      "delta": 0.012399999999999967
    },
    "AdvancedExampleExtendedDruckerPrager": {
      "a": 0.9692000000000001,
      "b": 0.9864666666666667,
      "delta": 0.017266666666666652
    },
    "AdvancedExampleModifiedCamClay": {
      "a": 0.9708333333333333,
      "b": 1.0,
      "delta": 0.029166666666666674
    },
    "AdvancedExampleViscoDruckerPrager": {
      "a": 0.9983,
      "b": 0.9913666666666666,
      "delta": -0.006933333333333347
    },
    "ExampleDPWellbore": {
      "a": 0.9956,
      "b": 0.9908,
      "delta": -0.0048000000000000265
    },
    "ExampleEDPWellbore": {
      "a": 0.9891333333333333,
      "b": 0.9891333333333333,
      "delta": 0.0
    },
    "ExampleIsothermalLeakyWell": {
      "a": 0.8296666666666667,
      "b": 0.8046666666666666,
      "delta": -0.025000000000000022
    },
    "ExampleMandel": {
      "a": 0.9496333333333333,
      "b": 0.9435666666666667,
      "delta": -0.006066666666666665
    },
    "ExampleThermalLeakyWell": {
      "a": 0.8621,
      "b": 0.8570666666666666,
      "delta": -0.005033333333333334
    },
    "ExampleThermoporoelasticConsolidation": {
      "a": 0.8631666666666666,
      "b": 0.8217333333333333,
      "delta": -0.04143333333333332
    },
    "TutorialPoroelasticity": {
      "a": 0.7664,
      "b": 0.8197666666666666,
      "delta": 0.05336666666666667
    },
    "TutorialSneddon": {
      "a": 0.8886333333333333,
      "b": 0.8598333333333333,
      "delta": -0.028799999999999937
    },
    "buckleyLeverettProblem": {
      "a": 0.826,
      "b": 0.8648,
      "delta": 0.03880000000000006
    },
    "kgdExperimentValidation": {
      "a": 0.9288,
      "b": 0.9392,
      "delta": 0.010400000000000076
    },
    "pknViscosityDominated": {
      "a": 0.9951333333333333,
      "b": 0.9878666666666667,
      "delta": -0.0072666666666666435
    }
  },
  "big_swing": [],
  "patterns": [
    "(no big-swing tasks)"
  ]
}