{
  "a_name": "C6_xmllint_hook",
  "b_name": "C7_xmllint_full",
  "mean_a": 0.9210509803921568,
  "mean_b": 0.9138509803921568,
  "per_task": {
    "AdvancedExampleCasedContactThermoElasticWellbore": {
      "a": 0.8086,
      "b": 0.8083333333333333,
      "delta": -0.0002666666666666373
    },
    "AdvancedExampleDeviatedElasticWellbore": {
      "a": 0.8735333333333333,
      "b": 0.9086333333333333,
      "delta": 0.03510000000000002
    },
    "AdvancedExampleDruckerPrager": {
      "a": 0.9821,
      "b": 0.9859,
      "delta": 0.0038000000000000256
    },
    "AdvancedExampleExtendedDruckerPrager": {
      "a": 0.9919,
      "b": 0.9692000000000001,
      "delta": -0.022699999999999942
    },
    "AdvancedExampleModifiedCamClay": {
      "a": 0.9767666666666667,
      "b": 0.9708333333333333,
      "delta": -0.005933333333333346
    },
    "AdvancedExampleViscoDruckerPrager": {
      "a": 0.9719333333333333,
      "b": 0.9983,
      "delta": 0.02636666666666665
    },
    "ExampleDPWellbore": {
      "a": 0.9976666666666667,
      "b": 0.9956,
      "delta": -0.002066666666666661
    },
    "ExampleEDPWellbore": {
      "a": 0.9969333333333333,
      "b": 0.9891333333333333,
      "delta": -0.007800000000000029
    },
    "ExampleIsothermalLeakyWell": {
      "a": 0.8168666666666666,
      "b": 0.8296666666666667,
      "delta": 0.012800000000000034
    },
    "ExampleMandel": {
      "a": 0.9428333333333333,
      "b": 0.9496333333333333,
      "delta": 0.006800000000000028
    },
    "ExampleThermalLeakyWell": {
      "a": 0.8614333333333334,
      "b": 0.8621,
      "delta": 0.0006666666666665932
    },
    "ExampleThermoporoelasticConsolidation": {
      "a": 0.8893333333333333,
      "b": 0.8631666666666666,
      "delta": -0.02616666666666667
    },
    "TutorialPoroelasticity": {
      "a": 0.8398,
      "b": 0.7664,
      "delta": -0.07340000000000002
    },
    "TutorialSneddon": {
      "a": 0.8939,
      "b": 0.8886333333333333,
      "delta": -0.005266666666666753
    },
    "buckleyLeverettProblem": {
      "a": 0.8983333333333333,
      "b": 0.826,
      "delta": -0.07233333333333336
    },
    "kgdExperimentValidation": {
      "a": 0.9311333333333334,
      "b": 0.9288,
      "delta": -0.0023333333333334094
    },
    "pknViscosityDominated": {
      "a": 0.9848,
      "b": 0.9951333333333333,
      "delta": 0.010333333333333306
    }
  },
  "big_swing": [],
  "patterns": [
    "(no big-swing tasks)"
  ]
}