{
  "a_name": "C2_sr_no_rag",
  "b_name": "C4_rag_sr",
  "mean_a": 0.9133980392156863,
  "mean_b": 0.8761441176470588,
  "per_task": {
    "AdvancedExampleCasedContactThermoElasticWellbore": {
      "a": 0.8227,
      "b": 0.81585,
      "delta": -0.006850000000000023
    },
    "AdvancedExampleDeviatedElasticWellbore": {
      "a": 0.947,
      "b": 0.8915500000000001,
      "delta": -0.05544999999999989
    },
    "AdvancedExampleDruckerPrager": {
      "a": 0.9746,
      "b": 0.974,
      "delta": -0.0006000000000000449
    },
    "AdvancedExampleExtendedDruckerPrager": {
      "a": 0.9826666666666667,
      "b": 0.9450000000000001,
      "delta": -0.037666666666666626
    },
    "AdvancedExampleModifiedCamClay": {
      "a": 0.9355,
      "b": 0.94975,
      "delta": 0.014249999999999985
    },
    "AdvancedExampleViscoDruckerPrager": {
      "a": 0.9859,
      "b": 0.98135,
      "delta": -0.004550000000000054
    },
    "ExampleDPWellbore": {
      "a": 0.9978333333333333,
      "b": 0.9674499999999999,
      "delta": -0.03038333333333343
    },
    "ExampleEDPWellbore": {
      "a": 0.9966666666666667,
      "b": 0.9733,
      "delta": -0.023366666666666647
    },
    "ExampleIsothermalLeakyWell": {
      "a": 0.7719333333333334,
      "b": 0.83735,
      "delta": 0.06541666666666668
    },
    "ExampleMandel": {
      "a": 0.9429666666666666,
      "b": 0.76535,
      "delta": -0.17761666666666664
    },
    "ExampleThermalLeakyWell": {
      "a": 0.8661333333333333,
      "b": 0.85955,
      "delta": -0.006583333333333274
    },
    "ExampleThermoporoelasticConsolidation": {
      "a": 0.8711,
      "b": 0.7051000000000001,
      "delta": -0.16599999999999993
    },
    "TutorialPoroelasticity": {
      "a": 0.7921333333333334,
      "b": 0.7412,
      "delta": -0.050933333333333386
    },
    "TutorialSneddon": {
      "a": 0.8668666666666667,
      "b": 0.8855999999999999,
      "delta": 0.01873333333333327
    },
    "buckleyLeverettProblem": {
      "a": 0.8679333333333333,
      "b": 0.7113,
      "delta": -0.1566333333333333
    },
    "kgdExperimentValidation": {
      "a": 0.9107,
      "b": 0.9329000000000001,
      "delta": 0.02220000000000011
    },
    "pknViscosityDominated": {
      "a": 0.9951333333333333,
      "b": 0.95785,
      "delta": -0.037283333333333335
    }
  },
  "big_swing": [
    "ExampleMandel",
    "ExampleThermoporoelasticConsolidation",
    "buckleyLeverettProblem"
  ],
  "patterns": [
    "**RAG replaces filesystem search**: in 3/3 big-swing tasks, B used RAG instead of Glob/Grep (smoking-gun mechanism for plugin underperformance)."
  ]
}